persona,task_index,condition,round,criterion_name,mean_score,std_score,overall_weighted_mean
Aisha Patel,0,A,1,Two-Option Framework,9.0,0.0,0.83
Aisha Patel,0,A,1,Quantified Progress,6.666666666666667,0.5773502691896257,0.83
Aisha Patel,0,A,1,Audience-Appropriate Logic Flow,9.0,0.0,0.83
Aisha Patel,0,A,1,Analytical Authority,9.0,0.0,0.83
Aisha Patel,0,C,1,Two-Option Framework,10.0,0.0,0.93
Aisha Patel,0,C,1,Quantified Progress,7.666666666666667,1.1547005383792515,0.93
Aisha Patel,0,C,1,Audience-Appropriate Logic Flow,10.0,0.0,0.93
Aisha Patel,0,C,1,Analytical Authority,10.0,0.0,0.93
Aisha Patel,0,C,2,Two-Option Framework,9.0,0.0,0.91
Aisha Patel,0,C,2,Quantified Progress,9.0,0.0,0.91
Aisha Patel,0,C,2,Audience-Appropriate Logic Flow,9.0,0.0,0.91
Aisha Patel,0,C,2,Analytical Authority,10.0,0.0,0.91
Aisha Patel,0,C,3,Two-Option Framework,9.0,0.0,0.94
Aisha Patel,0,C,3,Quantified Progress,10.0,0.0,0.94
Aisha Patel,0,C,3,Audience-Appropriate Logic Flow,9.0,0.0,0.94
Aisha Patel,0,C,3,Analytical Authority,10.0,0.0,0.94
Aisha Patel,0,C,4,Two-Option Framework,10.0,0.0,1.0
Aisha Patel,0,C,4,Quantified Progress,10.0,0.0,1.0
Aisha Patel,0,C,4,Audience-Appropriate Logic Flow,10.0,0.0,1.0
Aisha Patel,0,C,4,Analytical Authority,10.0,0.0,1.0
Aisha Patel,0,C,5,Two-Option Framework,10.0,0.0,1.0
Aisha Patel,0,C,5,Quantified Progress,10.0,0.0,1.0
Aisha Patel,0,C,5,Audience-Appropriate Logic Flow,10.0,0.0,1.0
Aisha Patel,0,C,5,Analytical Authority,10.0,0.0,1.0
Aisha Patel,0,D,1,Two-Option Framework,9.0,0.0,0.86
Aisha Patel,0,D,1,Quantified Progress,7.333333333333333,0.5773502691896257,0.86
Aisha Patel,0,D,1,Audience-Appropriate Logic Flow,9.0,0.0,0.86
Aisha Patel,0,D,1,Analytical Authority,10.0,0.0,0.86
Aisha Patel,0,D,2,Two-Option Framework,9.0,0.0,0.94
Aisha Patel,0,D,2,Quantified Progress,10.0,0.0,0.94
Aisha Patel,0,D,2,Audience-Appropriate Logic Flow,9.0,0.0,0.94
Aisha Patel,0,D,2,Analytical Authority,10.0,0.0,0.94
Aisha Patel,0,D,3,Two-Option Framework,10.0,0.0,1.0
Aisha Patel,0,D,3,Quantified Progress,10.0,0.0,1.0
Aisha Patel,0,D,3,Audience-Appropriate Logic Flow,10.0,0.0,1.0
Aisha Patel,0,D,3,Analytical Authority,10.0,0.0,1.0
Aisha Patel,0,D,4,Two-Option Framework,10.0,0.0,1.0
Aisha Patel,0,D,4,Quantified Progress,10.0,0.0,1.0
Aisha Patel,0,D,4,Audience-Appropriate Logic Flow,10.0,0.0,1.0
Aisha Patel,0,D,4,Analytical Authority,10.0,0.0,1.0
Aisha Patel,0,D,5,Two-Option Framework,10.0,0.0,1.0
Aisha Patel,0,D,5,Quantified Progress,10.0,0.0,1.0
Aisha Patel,0,D,5,Audience-Appropriate Logic Flow,10.0,0.0,1.0
Aisha Patel,0,D,5,Analytical Authority,10.0,0.0,1.0
Aisha Patel,1,A,1,Two-Option Framework,10.0,0.0,0.98
Aisha Patel,1,A,1,Quantified Progress,10.0,0.0,0.98
Aisha Patel,1,A,1,Audience-Appropriate Logic Flow,9.0,0.0,0.98
Aisha Patel,1,A,1,Analytical Authority,10.0,0.0,0.98
Aisha Patel,1,C,1,Two-Option Framework,10.0,0.0,0.97
Aisha Patel,1,C,1,Quantified Progress,10.0,0.0,0.97
Aisha Patel,1,C,1,Audience-Appropriate Logic Flow,9.0,0.0,0.97
Aisha Patel,1,C,1,Analytical Authority,9.0,0.0,0.97
Aisha Patel,1,C,1,Audience-Logical Flow,9.0,0.0,0.97
Aisha Patel,1,C,2,Two-Option Framework,10.0,0.0,0.9533333333333335
Aisha Patel,1,C,2,Quantified Progress,9.0,0.0,0.9533333333333335
Aisha Patel,1,C,2,Audience-Appropriate Logic Flow,9.333333333333334,0.5773502691896257,0.9533333333333335
Aisha Patel,1,C,2,Analytical Authority,9.666666666666666,0.5773502691896257,0.9533333333333335
Aisha Patel,1,C,3,Two-Option Framework,10.0,0.0,0.98
Aisha Patel,1,C,3,Quantified Progress,10.0,0.0,0.98
Aisha Patel,1,C,3,Audience-Appropriate Logic Flow,9.0,0.0,0.98
Aisha Patel,1,C,3,Analytical Authority,10.0,0.0,0.98
Aisha Patel,1,C,4,Two-Option Framework,10.0,0.0,1.0
Aisha Patel,1,C,4,Quantified Progress,10.0,0.0,1.0
Aisha Patel,1,C,4,Audience-Logical Flow,10.0,0.0,1.0
Aisha Patel,1,C,4,Analytical Authority,10.0,0.0,1.0
Aisha Patel,1,C,4,Audience-Appropriate Logic Flow,10.0,0.0,1.0
Aisha Patel,1,C,5,Two-Option Framework,10.0,0.0,1.0
Aisha Patel,1,C,5,Quantified Progress,10.0,0.0,1.0
Aisha Patel,1,C,5,Audience-Appropriate Logic Flow,10.0,0.0,1.0
Aisha Patel,1,C,5,Analytical Authority,10.0,0.0,1.0
Aisha Patel,1,D,1,Two-Option Framework,10.0,0.0,0.95
Aisha Patel,1,D,1,Quantified Progress,9.0,0.0,0.95
Aisha Patel,1,D,1,Audience-Appropriate Logic Flow,9.0,0.0,0.95
Aisha Patel,1,D,1,Analytical Authority,10.0,0.0,0.95
Aisha Patel,1,D,2,Two-Option Framework,10.0,0.0,0.98
Aisha Patel,1,D,2,Quantified Progress,10.0,0.0,0.98
Aisha Patel,1,D,2,Audience-Appropriate Logic Flow,9.0,0.0,0.98
Aisha Patel,1,D,2,Analytical Authority,10.0,0.0,0.98
Aisha Patel,1,D,3,Two-Option Framework,10.0,0.0,1.0
Aisha Patel,1,D,3,Quantified Progress,10.0,0.0,1.0
Aisha Patel,1,D,3,Audience-Appropriate Logic Flow,10.0,0.0,1.0
Aisha Patel,1,D,3,Analytical Authority,10.0,0.0,1.0
Aisha Patel,1,D,4,Two-Option Framework,10.0,0.0,1.0
Aisha Patel,1,D,4,Quantified Progress,10.0,0.0,1.0
Aisha Patel,1,D,4,Audience-Appropriate Logic Flow,10.0,0.0,1.0
Aisha Patel,1,D,4,Analytical Authority,10.0,0.0,1.0
Aisha Patel,1,D,5,Two-Option Framework,10.0,0.0,1.0
Aisha Patel,1,D,5,Quantified Progress,10.0,0.0,1.0
Aisha Patel,1,D,5,Audience-Appropriate Logic Flow,10.0,0.0,1.0
Aisha Patel,1,D,5,Analytical Authority,10.0,0.0,1.0
Alex Chen,0,A,1,Emotional Arc Sequencing,9.0,0.0,0.94
Alex Chen,0,A,1,Single-Owner Action Items,10.0,0.0,0.94
Alex Chen,0,A,1,No Trailing Sentiment,10.0,0.0,0.94
Alex Chen,0,A,1,Compression Without Ambiguity,8.0,0.0,0.94
Alex Chen,0,C,1,Emotional Arc Sequencing,9.0,0.0,0.8866666666666667
Alex Chen,0,C,1,Single-Owner Action Items,9.333333333333334,0.5773502691896257,0.8866666666666667
Alex Chen,0,C,1,No Trailing Sentiment,8.333333333333334,1.5275252316519468,0.8866666666666667
Alex Chen,0,C,1,Compression Without Ambiguity,8.0,0.0,0.8866666666666667
Alex Chen,0,C,2,Emotional Arc Sequencing,8.0,0.0,0.87
Alex Chen,0,C,2,Single-Owner Action Items,9.0,0.0,0.87
Alex Chen,0,C,2,No Trailing Sentiment,10.0,0.0,0.87
Alex Chen,0,C,2,Compression Without Ambiguity,8.0,0.0,0.87
Alex Chen,0,C,3,Emotional Arc Sequencing,8.0,0.0,0.8133333333333332
Alex Chen,0,C,3,Single-Owner Action Items,9.0,0.0,0.8133333333333332
Alex Chen,0,C,3,No Trailing Sentiment,7.0,0.0,0.8133333333333332
Alex Chen,0,C,3,Compression Without Ambiguity,8.333333333333334,0.5773502691896257,0.8133333333333332
Alex Chen,0,C,4,Emotional Arc Sequencing,9.0,0.0,0.95
Alex Chen,0,C,4,Single-Owner Action Items,10.0,0.0,0.95
Alex Chen,0,C,4,No Trailing Sentiment,10.0,0.0,0.95
Alex Chen,0,C,4,Compression Without Ambiguity,9.0,0.0,0.95
Alex Chen,0,C,5,Emotional Arc Sequencing,9.0,0.0,0.9466666666666668
Alex Chen,0,C,5,Single-Owner Action Items,10.0,0.0,0.9466666666666668
Alex Chen,0,C,5,No Trailing Sentiment,10.0,0.0,0.9466666666666668
Alex Chen,0,C,5,Compression Without Ambiguity,8.666666666666666,0.5773502691896257,0.9466666666666668
Alex Chen,0,D,1,Emotional Arc Sequencing,8.333333333333334,0.5773502691896257,0.83
Alex Chen,0,D,1,Single-Owner Action Items,9.0,0.0,0.83
Alex Chen,0,D,1,No Trailing Sentiment,7.333333333333333,1.5275252316519468,0.83
Alex Chen,0,D,1,Compression Without Ambiguity,8.0,0.0,0.83
Alex Chen,0,D,2,Emotional Arc Sequencing,9.0,0.0,0.91
Alex Chen,0,D,2,Single-Owner Action Items,9.0,0.0,0.91
Alex Chen,0,D,2,No Trailing Sentiment,10.0,0.0,0.91
Alex Chen,0,D,2,Compression Without Ambiguity,8.0,0.0,0.91
Alex Chen,0,D,3,Emotional Arc Sequencing,8.0,0.0,0.8766666666666667
Alex Chen,0,D,3,Single-Owner Action Items,9.0,0.0,0.8766666666666667
Alex Chen,0,D,3,No Trailing Sentiment,10.0,0.0,0.8766666666666667
Alex Chen,0,D,3,Compression Without Ambiguity,8.666666666666666,0.5773502691896257,0.8766666666666667
Alex Chen,0,D,4,Emotional Arc Sequencing,8.0,0.0,0.84
Alex Chen,0,D,4,Single-Owner Action Items,7.666666666666667,1.1547005383792515,0.84
Alex Chen,0,D,4,No Trailing Sentiment,10.0,0.0,0.84
Alex Chen,0,D,4,Compression Without Ambiguity,9.0,0.0,0.84
Alex Chen,0,D,5,Emotional Arc Sequencing,7.333333333333333,0.5773502691896257,0.7533333333333333
Alex Chen,0,D,5,Single-Owner Action Items,6.0,0.0,0.7533333333333333
Alex Chen,0,D,5,No Trailing Sentiment,10.0,0.0,0.7533333333333333
Alex Chen,0,D,5,Compression Without Ambiguity,8.0,0.0,0.7533333333333333
Alex Chen,1,A,1,Emotional Arc Sequencing,9.0,0.0,0.92
Alex Chen,1,A,1,Single-Owner Action Items,9.0,0.0,0.92
Alex Chen,1,A,1,No Trailing Sentiment,10.0,0.0,0.92
Alex Chen,1,A,1,Compression Without Ambiguity,9.0,0.0,0.92
Alex Chen,1,C,1,Emotional Arc Sequencing,9.333333333333334,0.5773502691896257,0.9466666666666668
Alex Chen,1,C,1,Single-Owner Action Items,9.333333333333334,0.5773502691896257,0.9466666666666668
Alex Chen,1,C,1,No Trailing Sentiment,10.0,0.0,0.9466666666666668
Alex Chen,1,C,1,Compression Without Ambiguity,9.333333333333334,0.5773502691896257,0.9466666666666668
Alex Chen,1,C,2,Emotional Arc Sequencing,8.0,0.0,0.8633333333333333
Alex Chen,1,C,2,Single-Owner Action Items,9.0,0.0,0.8633333333333333
Alex Chen,1,C,2,No Trailing Sentiment,10.0,0.0,0.8633333333333333
Alex Chen,1,C,2,Compression Without Ambiguity,7.333333333333333,0.5773502691896257,0.8633333333333333
Alex Chen,1,C,3,Emotional Arc Sequencing,9.0,0.0,0.88
Alex Chen,1,C,3,Single-Owner Action Items,7.666666666666667,0.5773502691896257,0.88
Alex Chen,1,C,3,No Trailing Sentiment,10.0,0.0,0.88
Alex Chen,1,C,3,Compression Without Ambiguity,9.0,0.0,0.88
Alex Chen,1,C,4,Emotional Arc Sequencing,9.0,0.0,0.9033333333333333
Alex Chen,1,C,4,Single-Owner Action Items,8.333333333333334,1.1547005383792515,0.9033333333333333
Alex Chen,1,C,4,No Trailing Sentiment,10.0,0.0,0.9033333333333333
Alex Chen,1,C,4,Compression Without Ambiguity,9.333333333333334,0.5773502691896257,0.9033333333333333
Alex Chen,1,C,5,Emotional Arc Sequencing,7.0,0.0,0.84
Alex Chen,1,C,5,Single-Owner Action Items,9.0,0.0,0.84
Alex Chen,1,C,5,No Trailing Sentiment,10.0,0.0,0.84
Alex Chen,1,C,5,Compression Without Ambiguity,9.0,0.0,0.84
Alex Chen,1,D,1,Emotional Arc Sequencing,9.0,0.0,0.86
Alex Chen,1,D,1,Single-Owner Action Items,7.0,0.0,0.86
Alex Chen,1,D,1,No Trailing Sentiment,10.0,0.0,0.86
Alex Chen,1,D,1,Compression Without Ambiguity,9.0,0.0,0.86
Alex Chen,1,D,2,Emotional Arc Sequencing,9.0,0.0,0.89
Alex Chen,1,D,2,Single-Owner Action Items,8.0,0.0,0.89
Alex Chen,1,D,2,No Trailing Sentiment,10.0,0.0,0.89
Alex Chen,1,D,2,Compression Without Ambiguity,9.0,0.0,0.89
Alex Chen,1,D,3,Emotional Arc Sequencing,10.0,0.0,1.0
Alex Chen,1,D,3,Single-Owner Action Items,10.0,0.0,1.0
Alex Chen,1,D,3,No Trailing Sentiment,10.0,0.0,1.0
Alex Chen,1,D,3,Compression Without Ambiguity,10.0,0.0,1.0
Alex Chen,1,D,4,Emotional Arc Sequencing,10.0,0.0,0.9966666666666667
Alex Chen,1,D,4,Single-Owner Action Items,10.0,0.0,0.9966666666666667
Alex Chen,1,D,4,No Trailing Sentiment,10.0,0.0,0.9966666666666667
Alex Chen,1,D,4,Compression Without Ambiguity,9.666666666666666,0.5773502691896257,0.9966666666666667
Alex Chen,1,D,5,Emotional Arc Sequencing,10.0,0.0,1.0
Alex Chen,1,D,5,Single-Owner Action Items,10.0,0.0,1.0
Alex Chen,1,D,5,No Trailing Sentiment,10.0,0.0,1.0
Alex Chen,1,D,5,Compression Without Ambiguity,10.0,0.0,1.0
Carmen Vasquez,0,A,1,CC Audience Awareness,8.0,0.0,0.7933333333333333
Carmen Vasquez,0,A,1,Directive Clarity,9.0,0.0,0.7933333333333333
Carmen Vasquez,0,A,1,Recipient-Interest Framing,8.0,0.0,0.7933333333333333
Carmen Vasquez,0,A,1,Voice Matching,4.333333333333333,0.5773502691896257,0.7933333333333333
Carmen Vasquez,0,C,1,CC Audience Awareness,7.0,0.0,0.75
Carmen Vasquez,0,C,1,Directive Clarity,9.0,0.0,0.75
Carmen Vasquez,0,C,1,Recipient-Interest Framing,8.0,0.0,0.75
Carmen Vasquez,0,C,1,Voice Matching,4.0,0.0,0.75
Carmen Vasquez,0,C,2,CC Audience Awareness,8.0,0.0,0.8133333333333332
Carmen Vasquez,0,C,2,Directive Clarity,9.0,0.0,0.8133333333333332
Carmen Vasquez,0,C,2,Recipient-Interest Framing,8.0,0.0,0.8133333333333332
Carmen Vasquez,0,C,2,Voice Matching,6.333333333333333,0.5773502691896257,0.8133333333333332
Carmen Vasquez,0,C,3,CC Audience Awareness,1.6666666666666667,1.1547005383792515,0.18
Carmen Vasquez,0,C,3,Directive Clarity,2.3333333333333335,0.5773502691896257,0.18
Carmen Vasquez,0,C,3,Recipient-Interest Framing,1.6666666666666667,0.5773502691896257,0.18
Carmen Vasquez,0,C,3,Voice Matching,1.0,0.0,0.18
Carmen Vasquez,0,C,4,CC Audience Awareness,8.0,0.0,0.81
Carmen Vasquez,0,C,4,Directive Clarity,9.0,0.0,0.81
Carmen Vasquez,0,C,4,Recipient-Interest Framing,8.0,0.0,0.81
Carmen Vasquez,0,C,4,Voice Matching,6.0,0.0,0.81
Carmen Vasquez,0,C,5,CC Audience Awareness,9.0,0.0,0.8733333333333333
Carmen Vasquez,0,C,5,Directive Clarity,9.666666666666666,0.5773502691896257,0.8733333333333333
Carmen Vasquez,0,C,5,Recipient-Interest Framing,8.0,0.0,0.8733333333333333
Carmen Vasquez,0,C,5,Voice Matching,6.333333333333333,0.5773502691896257,0.8733333333333333
Carmen Vasquez,0,D,1,CC Audience Awareness,8.0,0.0,0.78
Carmen Vasquez,0,D,1,Directive Clarity,9.0,0.0,0.78
Carmen Vasquez,0,D,1,Recipient-Interest Framing,7.0,0.0,0.78
Carmen Vasquez,0,D,1,Voice Matching,5.0,0.0,0.78
Carmen Vasquez,0,D,2,CC Audience Awareness,7.0,0.0,0.7266666666666667
Carmen Vasquez,0,D,2,Directive Clarity,8.0,0.0,0.7266666666666667
Carmen Vasquez,0,D,2,Recipient-Interest Framing,8.0,0.0,0.7266666666666667
Carmen Vasquez,0,D,2,Voice Matching,4.666666666666667,0.5773502691896257,0.7266666666666667
Carmen Vasquez,0,D,3,CC Audience Awareness,9.0,0.0,0.89
Carmen Vasquez,0,D,3,Directive Clarity,9.0,0.0,0.89
Carmen Vasquez,0,D,3,Recipient-Interest Framing,9.0,0.0,0.89
Carmen Vasquez,0,D,3,Voice Matching,8.0,0.0,0.89
Carmen Vasquez,0,D,4,CC Audience Awareness,9.0,0.0,0.87
Carmen Vasquez,0,D,4,Directive Clarity,9.0,0.0,0.87
Carmen Vasquez,0,D,4,Recipient-Interest Framing,8.0,0.0,0.87
Carmen Vasquez,0,D,4,Voice Matching,8.0,0.0,0.87
Carmen Vasquez,0,D,5,CC Audience Awareness,9.0,0.0,0.8833333333333333
Carmen Vasquez,0,D,5,Directive Clarity,9.0,0.0,0.8833333333333333
Carmen Vasquez,0,D,5,Recipient-Interest Framing,8.666666666666666,0.5773502691896257,0.8833333333333333
Carmen Vasquez,0,D,5,Voice Matching,8.0,0.0,0.8833333333333333
Carmen Vasquez,1,A,1,CC Audience Awareness,8.0,0.0,0.8166666666666668
Carmen Vasquez,1,A,1,Directive Clarity,9.0,0.0,0.8166666666666668
Carmen Vasquez,1,A,1,Recipient-Interest Framing,9.0,0.0,0.8166666666666668
Carmen Vasquez,1,A,1,Voice Matching,4.666666666666667,0.5773502691896257,0.8166666666666668
Carmen Vasquez,1,C,1,CC Audience Awareness,9.0,0.0,0.87
Carmen Vasquez,1,C,1,Directive Clarity,9.333333333333334,0.5773502691896257,0.87
Carmen Vasquez,1,C,1,Recipient-Interest Framing,9.0,0.0,0.87
Carmen Vasquez,1,C,1,Voice Matching,5.0,0.0,0.87
Carmen Vasquez,1,C,2,CC Audience Awareness,8.333333333333334,0.5773502691896257,0.8033333333333335
Carmen Vasquez,1,C,2,Directive Clarity,8.0,0.0,0.8033333333333335
Carmen Vasquez,1,C,2,Recipient-Interest Framing,9.0,0.0,0.8033333333333335
Carmen Vasquez,1,C,2,Voice Matching,5.0,0.0,0.8033333333333335
Carmen Vasquez,1,C,3,CC Audience Awareness,8.0,0.0,0.82
Carmen Vasquez,1,C,3,Directive Clarity,9.0,0.0,0.82
Carmen Vasquez,1,C,3,Recipient-Interest Framing,9.0,0.0,0.82
Carmen Vasquez,1,C,3,Voice Matching,5.0,0.0,0.82
Carmen Vasquez,1,C,4,CC Audience Awareness,8.0,0.0,0.8166666666666665
Carmen Vasquez,1,C,4,Directive Clarity,9.0,0.0,0.8166666666666665
Carmen Vasquez,1,C,4,Recipient-Interest Framing,8.666666666666666,0.5773502691896257,0.8166666666666665
Carmen Vasquez,1,C,4,Voice Matching,5.333333333333333,0.5773502691896257,0.8166666666666665
Carmen Vasquez,1,C,5,CC Audience Awareness,8.0,0.0,0.82
Carmen Vasquez,1,C,5,Directive Clarity,9.0,0.0,0.82
Carmen Vasquez,1,C,5,Recipient-Interest Framing,9.0,0.0,0.82
Carmen Vasquez,1,C,5,Voice Matching,5.0,0.0,0.82
Carmen Vasquez,1,D,1,CC Audience Awareness,8.0,0.0,0.82
Carmen Vasquez,1,D,1,Directive Clarity,9.0,0.0,0.82
Carmen Vasquez,1,D,1,Recipient-Interest Framing,9.0,0.0,0.82
Carmen Vasquez,1,D,1,Voice Matching,5.0,0.0,0.82
Carmen Vasquez,1,D,2,CC Audience Awareness,9.0,0.0,0.85
Carmen Vasquez,1,D,2,Directive Clarity,9.0,0.0,0.85
Carmen Vasquez,1,D,2,Recipient-Interest Framing,8.0,0.0,0.85
Carmen Vasquez,1,D,2,Voice Matching,6.0,0.0,0.85
Carmen Vasquez,1,D,3,CC Audience Awareness,9.0,0.0,0.89
Carmen Vasquez,1,D,3,Directive Clarity,9.0,0.0,0.89
Carmen Vasquez,1,D,3,Recipient-Interest Framing,9.0,0.0,0.89
Carmen Vasquez,1,D,3,Voice Matching,8.0,0.0,0.89
Carmen Vasquez,1,D,4,CC Audience Awareness,9.0,0.0,0.8866666666666667
Carmen Vasquez,1,D,4,Directive Clarity,9.0,0.0,0.8866666666666667
Carmen Vasquez,1,D,4,Recipient-Interest Framing,9.0,0.0,0.8866666666666667
Carmen Vasquez,1,D,4,Voice Matching,7.666666666666667,0.5773502691896257,0.8866666666666667
Carmen Vasquez,1,D,5,CC Audience Awareness,9.0,0.0,0.89
Carmen Vasquez,1,D,5,Directive Clarity,9.0,0.0,0.89
Carmen Vasquez,1,D,5,Recipient-Interest Framing,9.0,0.0,0.89
Carmen Vasquez,1,D,5,Voice Matching,8.0,0.0,0.89
Derek Liang,0,A,1,Subject Line as Message,9.0,0.0,0.74
Derek Liang,0,A,1,Raw Evidence Over Prose Description,4.666666666666667,0.5773502691896257,0.74
Derek Liang,0,A,1,Single Responder Principle,8.0,0.0,0.74
Derek Liang,0,A,1,Radical Brevity,8.0,0.0,0.74
Derek Liang,0,C,1,Subject Line as Message,9.0,0.0,0.7366666666666666
Derek Liang,0,C,1,Raw Evidence Over Prose Description,4.666666666666667,0.5773502691896257,0.7366666666666666
Derek Liang,0,C,1,Single Responder Principle,7.666666666666667,0.5773502691896257,0.7366666666666666
Derek Liang,0,C,1,Radical Brevity,8.333333333333334,0.5773502691896257,0.7366666666666666
Derek Liang,0,C,2,Subject Line as Message,10.0,0.0,0.99
Derek Liang,0,C,2,Raw Evidence Over Prose Description,10.0,0.0,0.99
Derek Liang,0,C,2,Single Responder Principle,10.0,0.0,0.99
Derek Liang,0,C,2,Radical Brevity,9.0,0.0,0.99
Derek Liang,0,C,3,Subject Line as Message,10.0,0.0,0.99
Derek Liang,0,C,3,Raw Evidence Over Prose Description,10.0,0.0,0.99
Derek Liang,0,C,3,Single Responder Principle,10.0,0.0,0.99
Derek Liang,0,C,3,Radical Brevity,9.0,0.0,0.99
Derek Liang,0,C,4,Subject Line as Message,10.0,0.0,0.9933333333333333
Derek Liang,0,C,4,Raw Evidence Over Prose Description,10.0,0.0,0.9933333333333333
Derek Liang,0,C,4,Single Responder Principle,10.0,0.0,0.9933333333333333
Derek Liang,0,C,4,Radical Brevity,9.333333333333334,0.5773502691896257,0.9933333333333333
Derek Liang,0,C,5,Subject Line as Message,10.0,0.0,0.9966666666666667
Derek Liang,0,C,5,Raw Evidence Over Prose Description,10.0,0.0,0.9966666666666667
Derek Liang,0,C,5,Single Responder Principle,10.0,0.0,0.9966666666666667
Derek Liang,0,C,5,Radical Brevity,9.666666666666666,0.5773502691896257,0.9966666666666667
Derek Liang,0,D,1,Subject Line as Message,9.0,0.0,0.7666666666666667
Derek Liang,0,D,1,Raw Evidence Over Prose Description,4.333333333333333,0.5773502691896257,0.7666666666666667
Derek Liang,0,D,1,Single Responder Principle,9.333333333333334,1.1547005383792515,0.7666666666666667
Derek Liang,0,D,1,Radical Brevity,9.0,0.0,0.7666666666666667
Derek Liang,0,D,2,Subject Line as Message,10.0,0.0,0.98
Derek Liang,0,D,2,Raw Evidence Over Prose Description,10.0,0.0,0.98
Derek Liang,0,D,2,Single Responder Principle,9.0,0.0,0.98
Derek Liang,0,D,2,Radical Brevity,10.0,0.0,0.98
Derek Liang,0,D,3,Subject Line as Message,10.0,0.0,0.99
Derek Liang,0,D,3,Raw Evidence Over Prose Description,10.0,0.0,0.99
Derek Liang,0,D,3,Single Responder Principle,9.666666666666666,0.5773502691896257,0.99
Derek Liang,0,D,3,Radical Brevity,9.666666666666666,0.5773502691896257,0.99
Derek Liang,0,D,4,Subject Line as Message,10.0,0.0,0.9933333333333333
Derek Liang,0,D,4,Raw Evidence Over Prose Description,10.0,0.0,0.9933333333333333
Derek Liang,0,D,4,Single Responder Principle,9.666666666666666,0.5773502691896257,0.9933333333333333
Derek Liang,0,D,4,Radical Brevity,10.0,0.0,0.9933333333333333
Derek Liang,0,D,5,Subject Line as Message,10.0,0.0,1.0
Derek Liang,0,D,5,Raw Evidence Over Prose Description,10.0,0.0,1.0
Derek Liang,0,D,5,Single Responder Principle,10.0,0.0,1.0
Derek Liang,0,D,5,Radical Brevity,10.0,0.0,1.0
Derek Liang,1,A,1,Subject Line as Message,9.0,0.0,0.8
Derek Liang,1,A,1,Raw Evidence Over Prose Description,5.0,0.0,0.8
Derek Liang,1,A,1,Single Responder Principle,10.0,0.0,0.8
Derek Liang,1,A,1,Radical Brevity,9.0,0.0,0.8
Derek Liang,1,C,1,Subject Line as Message,9.0,0.0,0.76
Derek Liang,1,C,1,Raw Evidence Over Prose Description,4.666666666666667,0.5773502691896257,0.76
Derek Liang,1,C,1,Single Responder Principle,9.0,0.0,0.76
Derek Liang,1,C,1,Radical Brevity,8.0,0.0,0.76
Derek Liang,1,C,2,Subject Line as Message,9.0,0.0,0.8166666666666668
Derek Liang,1,C,2,Raw Evidence Over Prose Description,6.0,0.0,0.8166666666666668
Derek Liang,1,C,2,Single Responder Principle,9.333333333333334,0.5773502691896257,0.8166666666666668
Derek Liang,1,C,2,Radical Brevity,9.0,0.0,0.8166666666666668
Derek Liang,1,C,3,Subject Line as Message,9.0,0.0,0.8766666666666667
Derek Liang,1,C,3,Raw Evidence Over Prose Description,8.0,0.0,0.8766666666666667
Derek Liang,1,C,3,Single Responder Principle,9.0,0.0,0.8766666666666667
Derek Liang,1,C,3,Radical Brevity,9.666666666666666,0.5773502691896257,0.8766666666666667
Derek Liang,1,C,4,Subject Line as Message,9.0,0.0,0.8733333333333333
Derek Liang,1,C,4,Raw Evidence Over Prose Description,8.0,0.0,0.8733333333333333
Derek Liang,1,C,4,Single Responder Principle,9.0,0.0,0.8733333333333333
Derek Liang,1,C,4,Radical Brevity,9.333333333333334,0.5773502691896257,0.8733333333333333
Derek Liang,1,C,5,Subject Line as Message,9.0,0.0,0.8733333333333333
Derek Liang,1,C,5,Raw Evidence Over Prose Description,7.333333333333333,0.5773502691896257,0.8733333333333333
Derek Liang,1,C,5,Single Responder Principle,10.0,0.0,0.8733333333333333
Derek Liang,1,C,5,Radical Brevity,9.333333333333334,0.5773502691896257,0.8733333333333333
Derek Liang,1,D,1,Subject Line as Message,9.0,0.0,0.7766666666666666
Derek Liang,1,D,1,Raw Evidence Over Prose Description,5.0,0.0,0.7766666666666666
Derek Liang,1,D,1,Single Responder Principle,8.666666666666666,0.5773502691896257,0.7766666666666666
Derek Liang,1,D,1,Radical Brevity,9.333333333333334,0.5773502691896257,0.7766666666666666
Derek Liang,1,D,2,Subject Line as Message,9.0,0.0,0.88
Derek Liang,1,D,2,Raw Evidence Over Prose Description,9.0,0.0,0.88
Derek Liang,1,D,2,Single Responder Principle,8.0,0.0,0.88
Derek Liang,1,D,2,Radical Brevity,9.0,0.0,0.88
Derek Liang,1,D,3,Subject Line as Message,9.666666666666666,0.5773502691896257,0.9499999999999998
Derek Liang,1,D,3,Raw Evidence Over Prose Description,9.0,0.0,0.9499999999999998
Derek Liang,1,D,3,Single Responder Principle,10.0,0.0,0.9499999999999998
Derek Liang,1,D,3,Radical Brevity,9.333333333333334,0.5773502691896257,0.9499999999999998
Derek Liang,1,D,4,Subject Line as Message,10.0,0.0,0.96
Derek Liang,1,D,4,Raw Evidence Over Prose Description,9.0,0.0,0.96
Derek Liang,1,D,4,Single Responder Principle,10.0,0.0,0.96
Derek Liang,1,D,4,Radical Brevity,9.0,0.0,0.96
Derek Liang,1,D,5,Subject Line as Message,10.0,0.0,0.96
Derek Liang,1,D,5,Raw Evidence Over Prose Description,9.0,0.0,0.96
Derek Liang,1,D,5,Single Responder Principle,10.0,0.0,0.96
Derek Liang,1,D,5,Radical Brevity,9.0,0.0,0.96
James Okafor,0,A,1,Patient Flow Impact First,8.666666666666666,0.5773502691896257,0.9466666666666665
James Okafor,0,A,1,Fallback Procedures Included,10.0,0.0,0.9466666666666665
James Okafor,0,A,1,No Patient Identifiers,10.0,0.0,0.9466666666666665
James Okafor,0,A,1,Bounded Process Steps,10.0,0.0,0.9466666666666665
James Okafor,0,C,1,Patient Flow Impact First,9.0,0.0,0.95
James Okafor,0,C,1,Fallback Procedures Included,10.0,0.0,0.95
James Okafor,0,C,1,No Patient Identifiers,10.0,0.0,0.95
James Okafor,0,C,1,Bounded Process Steps,9.0,0.0,0.95
James Okafor,0,C,2,Patient Flow Impact First,9.0,0.0,0.96
James Okafor,0,C,2,Fallback Procedures Included,10.0,0.0,0.96
James Okafor,0,C,2,No Patient Identifiers,10.0,0.0,0.96
James Okafor,0,C,2,Bounded Process Steps,10.0,0.0,0.96
James Okafor,0,C,3,Patient Flow Impact First,9.0,0.0,0.96
James Okafor,0,C,3,Fallback Procedures Included,10.0,0.0,0.96
James Okafor,0,C,3,No Patient Identifiers,10.0,0.0,0.96
James Okafor,0,C,3,Bounded Process Steps,10.0,0.0,0.96
James Okafor,0,C,4,Patient Flow Impact First,9.0,0.0,0.96
James Okafor,0,C,4,Fallback Procedures Included,10.0,0.0,0.96
James Okafor,0,C,4,No Patient Identifiers,10.0,0.0,0.96
James Okafor,0,C,4,Bounded Process Steps,10.0,0.0,0.96
James Okafor,0,C,5,Patient Flow Impact First,9.0,0.0,0.96
James Okafor,0,C,5,Fallback Procedures Included,10.0,0.0,0.96
James Okafor,0,C,5,No Patient Identifiers,10.0,0.0,0.96
James Okafor,0,C,5,Bounded Process Steps,10.0,0.0,0.96
James Okafor,0,D,1,Patient Flow Impact First,9.0,0.0,0.96
James Okafor,0,D,1,Fallback Procedures Included,10.0,0.0,0.96
James Okafor,0,D,1,No Patient Identifiers,10.0,0.0,0.96
James Okafor,0,D,1,Bounded Process Steps,10.0,0.0,0.96
James Okafor,0,D,2,Patient Flow Impact First,9.0,0.0,0.96
James Okafor,0,D,2,Fallback Procedures Included,10.0,0.0,0.96
James Okafor,0,D,2,No Patient Identifiers,10.0,0.0,0.96
James Okafor,0,D,2,Bounded Process Steps,10.0,0.0,0.96
James Okafor,0,D,3,Patient Flow Impact First,10.0,0.0,1.0
James Okafor,0,D,3,Fallback Procedures Included,10.0,0.0,1.0
James Okafor,0,D,3,No Patient Identifiers,10.0,0.0,1.0
James Okafor,0,D,3,Bounded Process Steps,10.0,0.0,1.0
James Okafor,0,D,4,Patient Flow Impact First,10.0,0.0,1.0
James Okafor,0,D,4,Fallback Procedures Included,10.0,0.0,1.0
James Okafor,0,D,4,No Patient Identifiers,10.0,0.0,1.0
James Okafor,0,D,4,Bounded Process Steps,10.0,0.0,1.0
James Okafor,0,D,5,Patient Flow Impact First,10.0,0.0,1.0
James Okafor,0,D,5,Fallback Procedures Included,10.0,0.0,1.0
James Okafor,0,D,5,No Patient Identifiers,10.0,0.0,1.0
James Okafor,0,D,5,Bounded Process Steps,10.0,0.0,1.0
James Okafor,1,A,1,Patient Flow Impact First,8.0,0.0,0.9066666666666667
James Okafor,1,A,1,Fallback Procedures Included,9.666666666666666,0.5773502691896257,0.9066666666666667
James Okafor,1,A,1,No Patient Identifiers,10.0,0.0,0.9066666666666667
James Okafor,1,A,1,Bounded Process Steps,9.666666666666666,0.5773502691896257,0.9066666666666667
James Okafor,1,C,1,Patient Flow Impact First,9.0,0.0,0.96
James Okafor,1,C,1,Fallback Procedures Included,10.0,0.0,0.96
James Okafor,1,C,1,No Patient Identifiers,10.0,0.0,0.96
James Okafor,1,C,1,Bounded Process Steps,10.0,0.0,0.96
James Okafor,1,C,2,Patient Flow Impact First,9.0,0.0,0.96
James Okafor,1,C,2,Fallback Procedures Included,10.0,0.0,0.96
James Okafor,1,C,2,No Patient Identifiers,10.0,0.0,0.96
James Okafor,1,C,2,Bounded Process Steps,10.0,0.0,0.96
James Okafor,1,C,3,Patient Flow Impact First,9.0,0.0,0.96
James Okafor,1,C,3,Fallback Procedures Included,10.0,0.0,0.96
James Okafor,1,C,3,No Patient Identifiers,10.0,0.0,0.96
James Okafor,1,C,3,Bounded Process Steps,10.0,0.0,0.96
James Okafor,1,C,4,Patient Flow Impact First,9.0,0.0,0.96
James Okafor,1,C,4,Fallback Procedures Included,10.0,0.0,0.96
James Okafor,1,C,4,No Patient Identifiers,10.0,0.0,0.96
James Okafor,1,C,4,Bounded Process Steps,10.0,0.0,0.96
James Okafor,1,C,5,Patient Flow Impact First,9.0,0.0,0.96
James Okafor,1,C,5,Fallback Procedures Included,10.0,0.0,0.96
James Okafor,1,C,5,No Patient Identifiers,10.0,0.0,0.96
James Okafor,1,C,5,Bounded Process Steps,10.0,0.0,0.96
James Okafor,1,D,1,"Patient Flow Impact First (priority 1, category: Structure, confidence: high)",9.0,0.0,0.96
James Okafor,1,D,1,"Fallback Procedures Included (priority 2, category: Content, confidence: high)",10.0,0.0,0.96
James Okafor,1,D,1,"No Patient Identifiers (priority 3, category: Audience, confidence: high)",10.0,0.0,0.96
James Okafor,1,D,1,"Bounded Process Steps (priority 4, category: Structure, confidence: high)",9.0,0.0,0.96
James Okafor,1,D,1,Patient Flow Impact First,9.0,0.0,0.96
James Okafor,1,D,1,Fallback Procedures Included,10.0,0.0,0.96
James Okafor,1,D,1,No Patient Identifiers,10.0,0.0,0.96
James Okafor,1,D,1,Bounded Process Steps,10.0,0.0,0.96
James Okafor,1,D,2,Patient Flow Impact First,9.0,0.0,0.96
James Okafor,1,D,2,Fallback Procedures Included,10.0,0.0,0.96
James Okafor,1,D,2,No Patient Identifiers,10.0,0.0,0.96
James Okafor,1,D,2,Bounded Process Steps,10.0,0.0,0.96
James Okafor,1,D,3,Patient Flow Impact First,10.0,0.0,0.97
James Okafor,1,D,3,Fallback Procedures Included,9.0,0.0,0.97
James Okafor,1,D,3,No Patient Identifiers,10.0,0.0,0.97
James Okafor,1,D,3,Bounded Process Steps,10.0,0.0,0.97
James Okafor,1,D,4,Patient Flow Impact First,10.0,0.0,1.0
James Okafor,1,D,4,Fallback Procedures Included,10.0,0.0,1.0
James Okafor,1,D,4,No Patient Identifiers,10.0,0.0,1.0
James Okafor,1,D,4,Bounded Process Steps,10.0,0.0,1.0
James Okafor,1,D,5,Patient Flow Impact First,10.0,0.0,1.0
James Okafor,1,D,5,Fallback Procedures Included,10.0,0.0,1.0
James Okafor,1,D,5,No Patient Identifiers,10.0,0.0,1.0
James Okafor,1,D,5,Bounded Process Steps,10.0,0.0,1.0
Kofi Mensah,0,A,1,Specific Callback,9.0,0.0,0.8833333333333333
Kofi Mensah,0,A,1,No Commercial Terms in Writing,10.0,0.0,0.8833333333333333
Kofi Mensah,0,A,1,Re-engagement Over Check-ins,8.666666666666666,0.5773502691896257,0.8833333333333333
Kofi Mensah,0,A,1,Risk-First Internal Updates,5.0,0.0,0.8833333333333333
Kofi Mensah,0,C,1,Specific Callback,9.0,0.0,0.87
Kofi Mensah,0,C,1,No Commercial Terms in Writing,10.0,0.0,0.87
Kofi Mensah,0,C,1,Re-engagement Over Check-ins,8.0,0.0,0.87
Kofi Mensah,0,C,1,Risk-First Internal Updates,5.0,0.0,0.87
Kofi Mensah,0,C,2,Specific Callback,9.0,0.0,0.84
Kofi Mensah,0,C,2,No Commercial Terms in Writing,9.0,0.0,0.84
Kofi Mensah,0,C,2,Re-engagement Over Check-ins,8.0,0.0,0.84
Kofi Mensah,0,C,2,Risk-First Internal Updates,5.0,0.0,0.84
Kofi Mensah,0,C,3,Specific Callback,9.333333333333334,0.5773502691896257,0.9600000000000002
Kofi Mensah,0,C,3,No Commercial Terms in Writing,10.0,0.0,0.9600000000000002
Kofi Mensah,0,C,3,Re-engagement Over Check-ins,9.333333333333334,0.5773502691896257,0.9600000000000002
Kofi Mensah,0,C,3,Risk-First Internal Updates,10.0,0.0,0.9600000000000002
Kofi Mensah,0,C,4,Specific Callback,10.0,0.0,1.0
Kofi Mensah,0,C,4,No Commercial Terms in Writing,10.0,0.0,1.0
Kofi Mensah,0,C,4,Re-engagement Over Check-ins,10.0,0.0,1.0
Kofi Mensah,0,C,4,Risk-First Internal Updates,10.0,0.0,1.0
Kofi Mensah,0,C,5,Specific Callback,10.0,0.0,1.0
Kofi Mensah,0,C,5,No Commercial Terms in Writing,10.0,0.0,1.0
Kofi Mensah,0,C,5,Re-engagement Over Check-ins,10.0,0.0,1.0
Kofi Mensah,0,C,5,Risk-First Internal Updates,10.0,0.0,1.0
Kofi Mensah,0,D,1,Specific Callback,9.0,0.0,0.89
Kofi Mensah,0,D,1,No Commercial Terms in Writing,10.0,0.0,0.89
Kofi Mensah,0,D,1,Re-engagement Over Check-ins,9.0,0.0,0.89
Kofi Mensah,0,D,1,Risk-First Internal Updates,5.0,0.0,0.89
Kofi Mensah,0,D,2,Specific Callback,10.0,0.0,0.91
Kofi Mensah,0,D,2,No Commercial Terms in Writing,10.0,0.0,0.91
Kofi Mensah,0,D,2,Re-engagement Over Check-ins,10.0,0.0,0.91
Kofi Mensah,0,D,2,Risk-First Internal Updates,1.0,0.0,0.91
Kofi Mensah,0,D,3,Specific Callback,10.0,0.0,0.9933333333333333
Kofi Mensah,0,D,3,No Commercial Terms in Writing,10.0,0.0,0.9933333333333333
Kofi Mensah,0,D,3,Re-engagement Over Check-ins,9.666666666666666,0.5773502691896257,0.9933333333333333
Kofi Mensah,0,D,3,Risk-First Internal Updates,10.0,0.0,0.9933333333333333
Kofi Mensah,0,D,4,Specific Callback,10.0,0.0,1.0
Kofi Mensah,0,D,4,No Commercial Terms in Writing,10.0,0.0,1.0
Kofi Mensah,0,D,4,Re-engagement Over Check-ins,10.0,0.0,1.0
Kofi Mensah,0,D,4,Risk-First Internal Updates,10.0,0.0,1.0
Kofi Mensah,0,D,5,Specific Callback,10.0,0.0,1.0
Kofi Mensah,0,D,5,No Commercial Terms in Writing,10.0,0.0,1.0
Kofi Mensah,0,D,5,Re-engagement Over Check-ins,10.0,0.0,1.0
Kofi Mensah,0,D,5,Risk-First Internal Updates,10.0,0.0,1.0
Kofi Mensah,1,A,1,Specific Callback,8.0,0.0,0.8033333333333332
Kofi Mensah,1,A,1,No Commercial Terms in Writing,10.0,0.0,0.8033333333333332
Kofi Mensah,1,A,1,Re-engagement Over Check-ins,8.666666666666666,0.5773502691896257,0.8033333333333332
Kofi Mensah,1,A,1,Risk-First Internal Updates,1.0,0.0,0.8033333333333332
Kofi Mensah,1,C,1,Specific Callback,9.0,0.0,0.8233333333333333
Kofi Mensah,1,C,1,No Commercial Terms in Writing,8.666666666666666,0.5773502691896257,0.8233333333333333
Kofi Mensah,1,C,1,Re-engagement Over Check-ins,7.666666666666667,0.5773502691896257,0.8233333333333333
Kofi Mensah,1,C,1,Risk-First Internal Updates,5.0,0.0,0.8233333333333333
Kofi Mensah,1,C,2,Specific Callback,9.0,0.0,0.89
Kofi Mensah,1,C,2,No Commercial Terms in Writing,10.0,0.0,0.89
Kofi Mensah,1,C,2,Re-engagement Over Check-ins,9.0,0.0,0.89
Kofi Mensah,1,C,2,Risk-First Internal Updates,5.0,0.0,0.89
Kofi Mensah,1,C,3,Specific Callback,10.0,0.0,1.0
Kofi Mensah,1,C,3,No Commercial Terms in Writing,10.0,0.0,1.0
Kofi Mensah,1,C,3,Re-engagement Over Check-ins,10.0,0.0,1.0
Kofi Mensah,1,C,3,Risk-First Internal Updates,10.0,0.0,1.0
Kofi Mensah,1,C,4,Specific Callback,9.0,0.0,0.92
Kofi Mensah,1,C,4,No Commercial Terms in Writing,9.333333333333334,0.5773502691896257,0.92
Kofi Mensah,1,C,4,Re-engagement Over Check-ins,9.0,0.0,0.92
Kofi Mensah,1,C,4,Risk-First Internal Updates,10.0,0.0,0.92
Kofi Mensah,1,C,5,Specific Callback,10.0,0.0,1.0
Kofi Mensah,1,C,5,No Commercial Terms in Writing,10.0,0.0,1.0
Kofi Mensah,1,C,5,Re-engagement Over Check-ins,10.0,0.0,1.0
Kofi Mensah,1,C,5,Risk-First Internal Updates,10.0,0.0,1.0
Kofi Mensah,1,D,1,Specific Callback,9.0,0.0,0.78
Kofi Mensah,1,D,1,No Commercial Terms in Writing,7.0,0.0,0.78
Kofi Mensah,1,D,1,Re-engagement Over Check-ins,8.666666666666666,0.5773502691896257,0.78
Kofi Mensah,1,D,1,Risk-First Internal Updates,3.6666666666666665,2.309401076758503,0.78
Kofi Mensah,1,D,2,Specific Callback,9.0,0.0,0.8966666666666667
Kofi Mensah,1,D,2,No Commercial Terms in Writing,8.666666666666666,0.5773502691896257,0.8966666666666667
Kofi Mensah,1,D,2,Re-engagement Over Check-ins,9.0,0.0,0.8966666666666667
Kofi Mensah,1,D,2,Risk-First Internal Updates,9.666666666666666,0.5773502691896257,0.8966666666666667
Kofi Mensah,1,D,3,Specific Callback,10.0,0.0,1.0
Kofi Mensah,1,D,3,No Commercial Terms in Writing,10.0,0.0,1.0
Kofi Mensah,1,D,3,Re-engagement Over Check-ins,10.0,0.0,1.0
Kofi Mensah,1,D,3,Risk-First Internal Updates,10.0,0.0,1.0
Kofi Mensah,1,D,4,Specific Callback,10.0,0.0,1.0
Kofi Mensah,1,D,4,No Commercial Terms in Writing,10.0,0.0,1.0
Kofi Mensah,1,D,4,Re-engagement Over Check-ins,10.0,0.0,1.0
Kofi Mensah,1,D,4,Risk-First Internal Updates,10.0,0.0,1.0
Kofi Mensah,1,D,5,Specific Callback,10.0,0.0,1.0
Kofi Mensah,1,D,5,No Commercial Terms in Writing,10.0,0.0,1.0
Kofi Mensah,1,D,5,Re-engagement Over Check-ins,10.0,0.0,1.0
Kofi Mensah,1,D,5,Risk-First Internal Updates,10.0,0.0,1.0
Lin Zhang,0,A,1,External Constraint Framing,9.0,0.0,0.7533333333333333
Lin Zhang,0,A,1,Budget Gap Transparency,5.0,0.0,0.7533333333333333
Lin Zhang,0,A,1,Direct Resource Provision,9.0,0.0,0.7533333333333333
Lin Zhang,0,A,1,Transparent CC Purpose,6.333333333333333,0.5773502691896257,0.7533333333333333
Lin Zhang,0,C,1,External Constraint Framing,10.0,0.0,0.81
Lin Zhang,0,C,1,Budget Gap Transparency,5.0,0.0,0.81
Lin Zhang,0,C,1,Direct Resource Provision,9.333333333333334,0.5773502691896257,0.81
Lin Zhang,0,C,1,Transparent CC Purpose,7.333333333333333,0.5773502691896257,0.81
Lin Zhang,0,C,2,External Constraint Framing,10.0,0.0,0.8433333333333333
Lin Zhang,0,C,2,Budget Gap Transparency,5.0,0.0,0.8433333333333333
Lin Zhang,0,C,2,Direct Resource Provision,9.666666666666666,0.5773502691896257,0.8433333333333333
Lin Zhang,0,C,2,Transparent CC Purpose,10.0,0.0,0.8433333333333333
Lin Zhang,0,C,3,External Constraint Framing,10.0,0.0,0.8366666666666667
Lin Zhang,0,C,3,Budget Gap Transparency,5.0,0.0,0.8366666666666667
Lin Zhang,0,C,3,Direct Resource Provision,9.333333333333334,0.5773502691896257,0.8366666666666667
Lin Zhang,0,C,3,Transparent CC Purpose,10.0,0.0,0.8366666666666667
Lin Zhang,0,C,4,External Constraint Framing,10.0,0.0,0.85
Lin Zhang,0,C,4,Budget Gap Transparency,5.0,0.0,0.85
Lin Zhang,0,C,4,Direct Resource Provision,10.0,0.0,0.85
Lin Zhang,0,C,4,Transparent CC Purpose,10.0,0.0,0.85
Lin Zhang,0,C,5,External Constraint Framing,10.0,0.0,0.85
Lin Zhang,0,C,5,Budget Gap Transparency,5.0,0.0,0.85
Lin Zhang,0,C,5,Direct Resource Provision,10.0,0.0,0.85
Lin Zhang,0,C,5,Transparent CC Purpose,10.0,0.0,0.85
Lin Zhang,0,D,1,External Constraint Framing,9.0,0.0,0.7566666666666667
Lin Zhang,0,D,1,Budget Gap Transparency,5.0,0.0,0.7566666666666667
Lin Zhang,0,D,1,Direct Resource Provision,9.0,0.0,0.7566666666666667
Lin Zhang,0,D,1,Transparent CC Purpose,6.666666666666667,0.5773502691896257,0.7566666666666667
Lin Zhang,0,D,2,External Constraint Framing,9.0,0.0,0.7566666666666667
Lin Zhang,0,D,2,Budget Gap Transparency,5.0,0.0,0.7566666666666667
Lin Zhang,0,D,2,Direct Resource Provision,9.0,0.0,0.7566666666666667
Lin Zhang,0,D,2,Transparent CC Purpose,6.666666666666667,0.5773502691896257,0.7566666666666667
Lin Zhang,0,D,3,External Constraint Framing,9.0,0.0,0.94
Lin Zhang,0,D,3,Budget Gap Transparency,10.0,0.0,0.94
Lin Zhang,0,D,3,Direct Resource Provision,9.0,0.0,0.94
Lin Zhang,0,D,3,Transparent CC Purpose,10.0,0.0,0.94
Lin Zhang,0,D,4,External Constraint Framing,10.0,0.0,1.0
Lin Zhang,0,D,4,Budget Gap Transparency,10.0,0.0,1.0
Lin Zhang,0,D,4,Direct Resource Provision,10.0,0.0,1.0
Lin Zhang,0,D,4,Transparent CC Purpose,10.0,0.0,1.0
Lin Zhang,0,D,5,External Constraint Framing,10.0,0.0,1.0
Lin Zhang,0,D,5,Budget Gap Transparency,10.0,0.0,1.0
Lin Zhang,0,D,5,Direct Resource Provision,10.0,0.0,1.0
Lin Zhang,0,D,5,Transparent CC Purpose,10.0,0.0,1.0
Lin Zhang,1,A,1,External Constraint Framing,9.0,0.0,0.9
Lin Zhang,1,A,1,Budget Gap Transparency,10.0,0.0,0.9
Lin Zhang,1,A,1,Direct Resource Provision,9.0,0.0,0.9
Lin Zhang,1,A,1,Transparent CC Purpose,6.0,1.0,0.9
Lin Zhang,1,C,1,External Constraint Framing,7.0,0.0,0.7766666666666667
Lin Zhang,1,C,1,Budget Gap Transparency,9.0,0.0,0.7766666666666667
Lin Zhang,1,C,1,Direct Resource Provision,8.333333333333334,0.5773502691896257,0.7766666666666667
Lin Zhang,1,C,1,Transparent CC Purpose,6.0,0.0,0.7766666666666667
Lin Zhang,1,C,2,External Constraint Framing,9.0,0.0,0.94
Lin Zhang,1,C,2,Budget Gap Transparency,10.0,0.0,0.94
Lin Zhang,1,C,2,Direct Resource Provision,9.0,0.0,0.94
Lin Zhang,1,C,2,Transparent CC Purpose,10.0,0.0,0.94
Lin Zhang,1,C,3,External Constraint Framing,9.0,0.0,0.94
Lin Zhang,1,C,3,Budget Gap Transparency,10.0,0.0,0.94
Lin Zhang,1,C,3,Direct Resource Provision,9.0,0.0,0.94
Lin Zhang,1,C,3,Transparent CC Purpose,10.0,0.0,0.94
Lin Zhang,1,C,4,External Constraint Framing,10.0,0.0,1.0
Lin Zhang,1,C,4,Budget Gap Transparency,10.0,0.0,1.0
Lin Zhang,1,C,4,Direct Resource Provision,10.0,0.0,1.0
Lin Zhang,1,C,4,Transparent CC Purpose,10.0,0.0,1.0
Lin Zhang,1,C,5,External Constraint Framing,10.0,0.0,1.0
Lin Zhang,1,C,5,Budget Gap Transparency,10.0,0.0,1.0
Lin Zhang,1,C,5,Direct Resource Provision,10.0,0.0,1.0
Lin Zhang,1,C,5,Transparent CC Purpose,10.0,0.0,1.0
Lin Zhang,1,D,1,External Constraint Framing,7.0,0.0,0.7866666666666667
Lin Zhang,1,D,1,Budget Gap Transparency,9.0,0.0,0.7866666666666667
Lin Zhang,1,D,1,Direct Resource Provision,9.0,0.0,0.7866666666666667
Lin Zhang,1,D,1,Transparent CC Purpose,5.666666666666667,0.5773502691896257,0.7866666666666667
Lin Zhang,1,D,2,External Constraint Framing,9.0,0.0,0.9533333333333333
Lin Zhang,1,D,2,Budget Gap Transparency,10.0,0.0,0.9533333333333333
Lin Zhang,1,D,2,Direct Resource Provision,9.666666666666666,0.5773502691896257,0.9533333333333333
Lin Zhang,1,D,2,Transparent CC Purpose,10.0,0.0,0.9533333333333333
Lin Zhang,1,D,3,External Constraint Framing,9.0,0.0,0.94
Lin Zhang,1,D,3,Budget Gap Transparency,10.0,0.0,0.94
Lin Zhang,1,D,3,Direct Resource Provision,9.0,0.0,0.94
Lin Zhang,1,D,3,Transparent CC Purpose,10.0,0.0,0.94
Lin Zhang,1,D,4,External Constraint Framing,9.666666666666666,0.5773502691896257,0.9733333333333333
Lin Zhang,1,D,4,Budget Gap Transparency,10.0,0.0,0.9733333333333333
Lin Zhang,1,D,4,Direct Resource Provision,9.333333333333334,0.5773502691896257,0.9733333333333333
Lin Zhang,1,D,4,Transparent CC Purpose,10.0,0.0,0.9733333333333333
Lin Zhang,1,D,5,External Constraint Framing,9.0,0.0,0.96
Lin Zhang,1,D,5,Budget Gap Transparency,10.0,0.0,0.96
Lin Zhang,1,D,5,Direct Resource Provision,10.0,0.0,0.96
Lin Zhang,1,D,5,Transparent CC Purpose,10.0,0.0,0.96
Miriam Osei,0,A,1,Problem-First Policy Framing,10.0,0.0,0.9933333333333333
Miriam Osei,0,A,1,Named Human Contact Point,10.0,0.0,0.9933333333333333
Miriam Osei,0,A,1,Decision Attribution,9.666666666666666,0.5773502691896257,0.9933333333333333
Miriam Osei,0,A,1,Absolute Date Precision,10.0,0.0,0.9933333333333333
Miriam Osei,0,C,1,Problem-First Policy Framing,10.0,0.0,1.0
Miriam Osei,0,C,1,Named Human Contact Point,10.0,0.0,1.0
Miriam Osei,0,C,1,Decision Attribution,10.0,0.0,1.0
Miriam Osei,0,C,1,Absolute Date Precision,10.0,0.0,1.0
Miriam Osei,0,C,2,Problem-First Policy Framing,10.0,0.0,1.0
Miriam Osei,0,C,2,Named Human Contact Point,10.0,0.0,1.0
Miriam Osei,0,C,2,Decision Attribution,10.0,0.0,1.0
Miriam Osei,0,C,2,Absolute Date Precision,10.0,0.0,1.0
Miriam Osei,0,C,3,Problem-First Policy Framing,10.0,0.0,1.0
Miriam Osei,0,C,3,Named Human Contact Point,10.0,0.0,1.0
Miriam Osei,0,C,3,Decision Attribution,10.0,0.0,1.0
Miriam Osei,0,C,3,Absolute Date Precision,10.0,0.0,1.0
Miriam Osei,0,C,4,Problem-First Policy Framing,10.0,0.0,1.0
Miriam Osei,0,C,4,Named Human Contact Point,10.0,0.0,1.0
Miriam Osei,0,C,4,Decision Attribution,10.0,0.0,1.0
Miriam Osei,0,C,4,Absolute Date Precision,10.0,0.0,1.0
Miriam Osei,0,C,5,Problem-First Policy Framing,10.0,0.0,1.0
Miriam Osei,0,C,5,Named Human Contact Point,10.0,0.0,1.0
Miriam Osei,0,C,5,Decision Attribution,10.0,0.0,1.0
Miriam Osei,0,C,5,Absolute Date Precision,10.0,0.0,1.0
Miriam Osei,0,D,1,Problem-First Policy Framing,10.0,0.0,0.97
Miriam Osei,0,D,1,Named Human Contact Point,10.0,0.0,0.97
Miriam Osei,0,D,1,Decision Attribution,9.0,0.0,0.97
Miriam Osei,0,D,1,Absolute Date Precision,9.0,0.0,0.97
Miriam Osei,0,D,2,Problem-First Policy Framing,10.0,0.0,0.99
Miriam Osei,0,D,2,Named Human Contact Point,10.0,0.0,0.99
Miriam Osei,0,D,2,Decision Attribution,9.666666666666666,0.5773502691896257,0.99
Miriam Osei,0,D,2,Absolute Date Precision,9.666666666666666,0.5773502691896257,0.99
Miriam Osei,0,D,3,Problem-First Policy Framing,10.0,0.0,0.9933333333333333
Miriam Osei,0,D,3,Named Human Contact Point,10.0,0.0,0.9933333333333333
Miriam Osei,0,D,3,Decision Attribution,9.666666666666666,0.5773502691896257,0.9933333333333333
Miriam Osei,0,D,3,Absolute Date Precision,10.0,0.0,0.9933333333333333
Miriam Osei,0,D,4,Problem-First Policy Framing,10.0,0.0,1.0
Miriam Osei,0,D,4,Named Human Contact Point,10.0,0.0,1.0
Miriam Osei,0,D,4,Decision Attribution,10.0,0.0,1.0
Miriam Osei,0,D,4,Absolute Date Precision,10.0,0.0,1.0
Miriam Osei,0,D,5,Problem-First Policy Framing,10.0,0.0,1.0
Miriam Osei,0,D,5,Named Human Contact Point,10.0,0.0,1.0
Miriam Osei,0,D,5,Decision Attribution,10.0,0.0,1.0
Miriam Osei,0,D,5,Absolute Date Precision,10.0,0.0,1.0
Miriam Osei,1,A,1,Problem-First Policy Framing,9.0,0.0,0.9333333333333332
Miriam Osei,1,A,1,Named Human Contact Point,10.0,0.0,0.9333333333333332
Miriam Osei,1,A,1,Decision Attribution,8.666666666666666,0.5773502691896257,0.9333333333333332
Miriam Osei,1,A,1,Absolute Date Precision,10.0,0.0,0.9333333333333332
Miriam Osei,1,C,1,Problem-First Policy Framing,9.0,0.0,0.96
Miriam Osei,1,C,1,Named Human Contact Point,10.0,0.0,0.96
Miriam Osei,1,C,1,Decision Attribution,10.0,0.0,0.96
Miriam Osei,1,C,1,Absolute Date Precision,10.0,0.0,0.96
Miriam Osei,1,C,2,Problem-First Policy Framing,10.0,0.0,0.98
Miriam Osei,1,C,2,Named Human Contact Point,10.0,0.0,0.98
Miriam Osei,1,C,2,Decision Attribution,9.0,0.0,0.98
Miriam Osei,1,C,2,Absolute Date Precision,10.0,0.0,0.98
Miriam Osei,1,C,3,Problem-First Policy Framing,10.0,0.0,0.9933333333333333
Miriam Osei,1,C,3,Named Human Contact Point,10.0,0.0,0.9933333333333333
Miriam Osei,1,C,3,Decision Attribution,9.666666666666666,0.5773502691896257,0.9933333333333333
Miriam Osei,1,C,3,Absolute Date Precision,10.0,0.0,0.9933333333333333
Miriam Osei,1,C,4,Problem-First Policy Framing,9.666666666666666,0.5773502691896257,0.9733333333333333
Miriam Osei,1,C,4,Named Human Contact Point,10.0,0.0,0.9733333333333333
Miriam Osei,1,C,4,Decision Attribution,9.333333333333334,0.5773502691896257,0.9733333333333333
Miriam Osei,1,C,4,Absolute Date Precision,10.0,0.0,0.9733333333333333
Miriam Osei,1,C,5,Problem-First Policy Framing,10.0,0.0,1.0
Miriam Osei,1,C,5,Named Human Contact Point,10.0,0.0,1.0
Miriam Osei,1,C,5,Decision Attribution,10.0,0.0,1.0
Miriam Osei,1,C,5,Absolute Date Precision,10.0,0.0,1.0
Miriam Osei,1,D,1,Problem-First Policy Framing,9.0,0.0,0.96
Miriam Osei,1,D,1,Named Human Contact Point,10.0,0.0,0.96
Miriam Osei,1,D,1,Decision Attribution,10.0,0.0,0.96
Miriam Osei,1,D,1,Absolute Date Precision,10.0,0.0,0.96
Miriam Osei,1,D,2,Problem-First Policy Framing,10.0,0.0,1.0
Miriam Osei,1,D,2,Named Human Contact Point,10.0,0.0,1.0
Miriam Osei,1,D,2,Decision Attribution,10.0,0.0,1.0
Miriam Osei,1,D,2,Absolute Date Precision,10.0,0.0,1.0
Miriam Osei,1,D,3,Problem-First Policy Framing,10.0,0.0,1.0
Miriam Osei,1,D,3,Named Human Contact Point,10.0,0.0,1.0
Miriam Osei,1,D,3,Decision Attribution,10.0,0.0,1.0
Miriam Osei,1,D,3,Absolute Date Precision,10.0,0.0,1.0
Miriam Osei,1,D,4,Problem-First Policy Framing,10.0,0.0,1.0
Miriam Osei,1,D,4,Named Human Contact Point,10.0,0.0,1.0
Miriam Osei,1,D,4,Decision Attribution,10.0,0.0,1.0
Miriam Osei,1,D,4,Absolute Date Precision,10.0,0.0,1.0
Miriam Osei,1,D,5,Problem-First Policy Framing,10.0,0.0,1.0
Miriam Osei,1,D,5,Named Human Contact Point,10.0,0.0,1.0
Miriam Osei,1,D,5,Decision Attribution,10.0,0.0,1.0
Miriam Osei,1,D,5,Absolute Date Precision,10.0,0.0,1.0
Rachel Thornton,0,A,1,Decision Tradeoff Transparency,9.0,0.0,0.7566666666666667
Rachel Thornton,0,A,1,"Link, Don't Duplicate",7.0,0.0,0.7566666666666667
Rachel Thornton,0,A,1,Scoped Review Requests,4.333333333333333,1.1547005383792515,0.7566666666666667
Rachel Thornton,0,A,1,Thread Discipline,10.0,0.0,0.7566666666666667
Rachel Thornton,0,C,1,Decision Tradeoff Transparency,10.0,0.0,0.97
Rachel Thornton,0,C,1,"Link, Don't Duplicate",9.0,0.0,0.97
Rachel Thornton,0,C,1,Scoped Review Requests,10.0,0.0,0.97
Rachel Thornton,0,C,1,Thread Discipline,10.0,0.0,0.97
Rachel Thornton,0,C,2,Decision Tradeoff Transparency,10.0,0.0,0.9933333333333333
Rachel Thornton,0,C,2,"Link, Don't Duplicate",10.0,0.0,0.9933333333333333
Rachel Thornton,0,C,2,Scoped Review Requests,9.666666666666666,0.5773502691896257,0.9933333333333333
Rachel Thornton,0,C,2,Thread Discipline,10.0,0.0,0.9933333333333333
Rachel Thornton,0,C,3,Decision Tradeoff Transparency,10.0,0.0,0.9933333333333333
Rachel Thornton,0,C,3,"Link, Don't Duplicate",10.0,0.0,0.9933333333333333
Rachel Thornton,0,C,3,Scoped Review Requests,10.0,0.0,0.9933333333333333
Rachel Thornton,0,C,3,Thread Discipline,9.333333333333334,0.5773502691896257,0.9933333333333333
Rachel Thornton,0,C,4,Decision Tradeoff Transparency,10.0,0.0,0.98
Rachel Thornton,0,C,4,"Link, Don't Duplicate",9.333333333333334,0.5773502691896257,0.98
Rachel Thornton,0,C,4,Scoped Review Requests,10.0,0.0,0.98
Rachel Thornton,0,C,4,Thread Discipline,10.0,0.0,0.98
Rachel Thornton,0,C,5,Decision Tradeoff Transparency,10.0,0.0,0.99
Rachel Thornton,0,C,5,"Link, Don't Duplicate",9.666666666666666,0.5773502691896257,0.99
Rachel Thornton,0,C,5,Scoped Review Requests,10.0,0.0,0.99
Rachel Thornton,0,C,5,Thread Discipline,10.0,0.0,0.99
Rachel Thornton,0,D,1,Decision Tradeoff Transparency,10.0,0.0,0.91
Rachel Thornton,0,D,1,"Link, Don't Duplicate",9.0,0.0,0.91
Rachel Thornton,0,D,1,Scoped Review Requests,7.0,0.0,0.91
Rachel Thornton,0,D,1,Thread Discipline,10.0,0.0,0.91
Rachel Thornton,0,D,2,Decision Tradeoff Transparency,10.0,0.0,0.9633333333333333
Rachel Thornton,0,D,2,"Link, Don't Duplicate",9.0,0.0,0.9633333333333333
Rachel Thornton,0,D,2,Scoped Review Requests,10.0,0.0,0.9633333333333333
Rachel Thornton,0,D,2,Thread Discipline,9.333333333333334,0.5773502691896257,0.9633333333333333
Rachel Thornton,0,D,3,Decision Tradeoff Transparency,10.0,0.0,0.99
Rachel Thornton,0,D,3,"Link, Don't Duplicate",10.0,0.0,0.99
Rachel Thornton,0,D,3,Scoped Review Requests,10.0,0.0,0.99
Rachel Thornton,0,D,3,Thread Discipline,9.0,0.0,0.99
Rachel Thornton,0,D,4,Decision Tradeoff Transparency,10.0,0.0,1.0
Rachel Thornton,0,D,4,"Link, Don't Duplicate",10.0,0.0,1.0
Rachel Thornton,0,D,4,Scoped Review Requests,10.0,0.0,1.0
Rachel Thornton,0,D,4,Thread Discipline,10.0,0.0,1.0
Rachel Thornton,0,D,5,Decision Tradeoff Transparency,10.0,0.0,1.0
Rachel Thornton,0,D,5,"Link, Don't Duplicate",10.0,0.0,1.0
Rachel Thornton,0,D,5,Scoped Review Requests,10.0,0.0,1.0
Rachel Thornton,0,D,5,Thread Discipline,10.0,0.0,1.0
Rachel Thornton,1,A,1,Decision Tradeoff Transparency,9.0,0.0,0.89
Rachel Thornton,1,A,1,"Link, Don't Duplicate",8.0,0.0,0.89
Rachel Thornton,1,A,1,Scoped Review Requests,10.0,0.0,0.89
Rachel Thornton,1,A,1,Thread Discipline,9.0,0.0,0.89
Rachel Thornton,1,C,1,Decision Tradeoff Transparency,10.0,0.0,0.9666666666666667
Rachel Thornton,1,C,1,"Link, Don't Duplicate",9.0,0.0,0.9666666666666667
Rachel Thornton,1,C,1,Scoped Review Requests,10.0,0.0,0.9666666666666667
Rachel Thornton,1,C,1,Thread Discipline,9.666666666666666,0.5773502691896257,0.9666666666666667
Rachel Thornton,1,C,2,Decision Tradeoff Transparency,6.0,0.0,0.81
Rachel Thornton,1,C,2,"Link, Don't Duplicate",9.0,0.0,0.81
Rachel Thornton,1,C,2,Scoped Review Requests,10.0,0.0,0.81
Rachel Thornton,1,C,2,Thread Discipline,10.0,0.0,0.81
Rachel Thornton,1,C,3,Decision Tradeoff Transparency,10.0,0.0,0.9666666666666667
Rachel Thornton,1,C,3,"Link, Don't Duplicate",9.0,0.0,0.9666666666666667
Rachel Thornton,1,C,3,Scoped Review Requests,10.0,0.0,0.9666666666666667
Rachel Thornton,1,C,3,Thread Discipline,9.666666666666666,0.5773502691896257,0.9666666666666667
Rachel Thornton,1,C,4,Decision Tradeoff Transparency,10.0,0.0,0.9666666666666667
Rachel Thornton,1,C,4,"Link, Don't Duplicate",9.0,0.0,0.9666666666666667
Rachel Thornton,1,C,4,Scoped Review Requests,10.0,0.0,0.9666666666666667
Rachel Thornton,1,C,4,Thread Discipline,9.666666666666666,0.5773502691896257,0.9666666666666667
Rachel Thornton,1,C,5,Decision Tradeoff Transparency,10.0,0.0,0.9633333333333333
Rachel Thornton,1,C,5,"Link, Don't Duplicate",9.0,0.0,0.9633333333333333
Rachel Thornton,1,C,5,Scoped Review Requests,10.0,0.0,0.9633333333333333
Rachel Thornton,1,C,5,Thread Discipline,9.333333333333334,0.5773502691896257,0.9633333333333333
Rachel Thornton,1,D,1,Decision Tradeoff Transparency,9.0,0.0,0.9
Rachel Thornton,1,D,1,"Link, Don't Duplicate",8.0,0.0,0.9
Rachel Thornton,1,D,1,Scoped Review Requests,10.0,0.0,0.9
Rachel Thornton,1,D,1,Thread Discipline,10.0,0.0,0.9
Rachel Thornton,1,D,2,Decision Tradeoff Transparency,9.0,0.0,0.85
Rachel Thornton,1,D,2,"Link, Don't Duplicate",7.0,0.0,0.85
Rachel Thornton,1,D,2,Scoped Review Requests,9.0,0.0,0.85
Rachel Thornton,1,D,2,Thread Discipline,10.0,0.0,0.85
Rachel Thornton,1,D,3,Decision Tradeoff Transparency,10.0,0.0,0.9933333333333333
Rachel Thornton,1,D,3,"Link, Don't Duplicate",10.0,0.0,0.9933333333333333
Rachel Thornton,1,D,3,Scoped Review Requests,9.666666666666666,0.5773502691896257,0.9933333333333333
Rachel Thornton,1,D,3,Thread Discipline,10.0,0.0,0.9933333333333333
Rachel Thornton,1,D,4,Decision Tradeoff Transparency,10.0,0.0,1.0
Rachel Thornton,1,D,4,"Link, Don't Duplicate",10.0,0.0,1.0
Rachel Thornton,1,D,4,Scoped Review Requests,10.0,0.0,1.0
Rachel Thornton,1,D,4,Thread Discipline,10.0,0.0,1.0
Rachel Thornton,1,D,5,Decision Tradeoff Transparency,10.0,0.0,1.0
Rachel Thornton,1,D,5,"Link, Don't Duplicate",10.0,0.0,1.0
Rachel Thornton,1,D,5,Scoped Review Requests,10.0,0.0,1.0
Rachel Thornton,1,D,5,Thread Discipline,10.0,0.0,1.0
Tom Brennan,0,A,1,Cost/Schedule Impact First,8.0,0.0,0.89
Tom Brennan,0,A,1,Arbitration-Ready Language,9.0,0.0,0.89
Tom Brennan,0,A,1,Notification/Request Separation,10.0,0.0,0.89
Tom Brennan,0,A,1,Visual Documentation Attached,10.0,0.0,0.89
Tom Brennan,0,A,1,"Cost/Schedule Impact First (priority 1, category: Structure, confidence: high)",8.0,0.0,0.89
Tom Brennan,0,A,1,"Arbitration-Ready Language (priority 2, category: Style, confidence: high)",9.5,0.7071067811865476,0.89
Tom Brennan,0,A,1,"Notification/Request Separation (priority 3, category: Structure, confidence: high)",10.0,0.0,0.89
Tom Brennan,0,A,1,"Visual Documentation Attached (priority 4, category: Content, confidence: high)",10.0,0.0,0.89
Tom Brennan,0,C,1,"Cost/Schedule Impact First (priority 1, category: Structure, confidence: high)",8.0,0.0,0.0
Tom Brennan,0,C,1,"Arbitration-Ready Language (priority 2, category: Style, confidence: high)",9.0,0.0,0.0
Tom Brennan,0,C,1,"Notification/Request Separation (priority 3, category: Structure, confidence: high)",9.0,0.0,0.0
Tom Brennan,0,C,1,"Visual Documentation Attached (priority 4, category: Content, confidence: high)",10.0,0.0,0.0
Tom Brennan,0,C,2,"Cost/Schedule Impact First (priority 1, category: Structure, confidence: high)",9.0,0.0,0.0
Tom Brennan,0,C,2,"Arbitration-Ready Language (priority 2, category: Style, confidence: high)",10.0,0.0,0.0
Tom Brennan,0,C,2,"Notification/Request Separation (priority 3, category: Structure, confidence: high)",9.0,0.0,0.0
Tom Brennan,0,C,2,"Visual Documentation Attached (priority 4, category: Content, confidence: high)",10.0,0.0,0.0
Tom Brennan,0,C,3,"Cost/Schedule Impact First (priority 1, category: Structure, confidence: high)",10.0,0.0,0.0
Tom Brennan,0,C,3,"Arbitration-Ready Language (priority 2, category: Style, confidence: high)",10.0,0.0,0.0
Tom Brennan,0,C,3,"Notification/Request Separation (priority 3, category: Structure, confidence: high)",9.666666666666666,0.5773502691896257,0.0
Tom Brennan,0,C,3,"Visual Documentation Attached (priority 4, category: Content, confidence: high)",10.0,0.0,0.0
Tom Brennan,0,C,4,"Cost/Schedule Impact First (priority 1, category: Structure, confidence: high)",9.666666666666666,0.5773502691896257,0.0
Tom Brennan,0,C,4,"Arbitration-Ready Language (priority 2, category: Style, confidence: high)",10.0,0.0,0.0
Tom Brennan,0,C,4,"Notification/Request Separation (priority 3, category: Structure, confidence: high)",10.0,0.0,0.0
Tom Brennan,0,C,4,"Visual Documentation Attached (priority 4, category: Content, confidence: high)",10.0,0.0,0.0
Tom Brennan,0,C,5,"Cost/Schedule Impact First (priority 1, category: Structure, confidence: high)",9.0,0.0,0.0
Tom Brennan,0,C,5,"Arbitration-Ready Language (priority 2, category: Style, confidence: high)",10.0,0.0,0.0
Tom Brennan,0,C,5,"Notification/Request Separation (priority 3, category: Structure, confidence: high)",10.0,0.0,0.0
Tom Brennan,0,C,5,"Visual Documentation Attached (priority 4, category: Content, confidence: high)",10.0,0.0,0.0
Tom Brennan,0,D,1,"Cost/Schedule Impact First (priority 1, category: Structure, confidence: high)",9.5,0.7071067811865476,0.96
Tom Brennan,0,D,1,"Arbitration-Ready Language (priority 2, category: Style, confidence: high)",10.0,0.0,0.96
Tom Brennan,0,D,1,"Notification/Request Separation (priority 3, category: Structure, confidence: high)",10.0,0.0,0.96
Tom Brennan,0,D,1,"Visual Documentation Attached (priority 4, category: Content, confidence: high)",10.0,0.0,0.96
Tom Brennan,0,D,1,Cost/Schedule Impact First,9.0,0.0,0.96
Tom Brennan,0,D,1,Arbitration-Ready Language,10.0,0.0,0.96
Tom Brennan,0,D,1,Notification/Request Separation,10.0,0.0,0.96
Tom Brennan,0,D,1,Visual Documentation Attached,10.0,0.0,0.96
Tom Brennan,0,D,2,"Cost/Schedule Impact First (priority 1, category: Structure, confidence: high)",10.0,0.0,0.0
Tom Brennan,0,D,2,"Arbitration-Ready Language (priority 2, category: Style, confidence: high)",10.0,0.0,0.0
Tom Brennan,0,D,2,"Notification/Request Separation (priority 3, category: Structure, confidence: high)",10.0,0.0,0.0
Tom Brennan,0,D,2,"Visual Documentation Attached (priority 4, category: Content, confidence: high)",10.0,0.0,0.0
Tom Brennan,0,D,3,"Cost/Schedule Impact First (priority 1, category: Structure, confidence: high)",10.0,0.0,0.0
Tom Brennan,0,D,3,"Arbitration-Ready Language (priority 2, category: Style, confidence: high)",10.0,0.0,0.0
Tom Brennan,0,D,3,"Notification/Request Separation (priority 3, category: Structure, confidence: high)",10.0,0.0,0.0
Tom Brennan,0,D,3,"Visual Documentation Attached (priority 4, category: Content, confidence: high)",10.0,0.0,0.0
Tom Brennan,0,D,4,"Cost/Schedule Impact First (priority 1, category: Structure, confidence: high)",10.0,0.0,0.0
Tom Brennan,0,D,4,"Arbitration-Ready Language (priority 2, category: Style, confidence: high)",10.0,0.0,0.0
Tom Brennan,0,D,4,"Notification/Request Separation (priority 3, category: Structure, confidence: high)",10.0,0.0,0.0
Tom Brennan,0,D,4,"Visual Documentation Attached (priority 4, category: Content, confidence: high)",10.0,0.0,0.0
Tom Brennan,0,D,5,"Cost/Schedule Impact First (priority 1, category: Structure, confidence: high)",10.0,0.0,1.0
Tom Brennan,0,D,5,"Arbitration-Ready Language (priority 2, category: Style, confidence: high)",10.0,0.0,1.0
Tom Brennan,0,D,5,"Notification/Request Separation (priority 3, category: Structure, confidence: high)",10.0,0.0,1.0
Tom Brennan,0,D,5,"Visual Documentation Attached (priority 4, category: Content, confidence: high)",10.0,0.0,1.0
Tom Brennan,0,D,5,Cost/Schedule Impact First,10.0,0.0,1.0
Tom Brennan,0,D,5,Arbitration-Ready Language,10.0,0.0,1.0
Tom Brennan,0,D,5,Notification/Request Separation,10.0,0.0,1.0
Tom Brennan,0,D,5,Visual Documentation Attached,10.0,0.0,1.0
Tom Brennan,1,A,1,Cost/Schedule Impact First,8.0,0.0,0.84
Tom Brennan,1,A,1,Arbitration-Ready Language,9.0,0.0,0.84
Tom Brennan,1,A,1,Notification/Request Separation,9.0,0.0,0.84
Tom Brennan,1,A,1,Visual Documentation Attached,7.0,0.0,0.84
Tom Brennan,1,A,1,"Cost/Schedule Impact First (priority 1, category: Structure, confidence: high)",8.0,0.0,0.84
Tom Brennan,1,A,1,"Arbitration-Ready Language (priority 2, category: Style, confidence: high)",9.0,0.0,0.84
Tom Brennan,1,A,1,"Notification/Request Separation (priority 3, category: Structure, confidence: high)",9.0,0.0,0.84
Tom Brennan,1,A,1,"Visual Documentation Attached (priority 4, category: Content, confidence: high)",7.5,0.7071067811865476,0.84
Tom Brennan,1,C,1,Cost/Schedule Impact First,8.333333333333334,0.5773502691896257,0.8933333333333334
Tom Brennan,1,C,1,Arbitration-Ready Language,9.0,0.0,0.8933333333333334
Tom Brennan,1,C,1,Notification/Request Separation,10.0,0.0,0.8933333333333334
Tom Brennan,1,C,1,Visual Documentation Attached,9.0,0.0,0.8933333333333334
Tom Brennan,1,C,2,"Cost/Schedule Impact First (priority 1, category: Structure, confidence: high)",9.0,0.0,0.96
Tom Brennan,1,C,2,"Arbitration-Ready Language (priority 2, category: Style, confidence: high)",10.0,0.0,0.96
Tom Brennan,1,C,2,"Notification/Request Separation (priority 3, category: Structure, confidence: high)",10.0,0.0,0.96
Tom Brennan,1,C,2,"Visual Documentation Attached (priority 4, category: Content, confidence: high)",10.0,0.0,0.96
Tom Brennan,1,C,2,Cost/Schedule Impact First,9.0,0.0,0.96
Tom Brennan,1,C,2,Arbitration-Ready Language,10.0,0.0,0.96
Tom Brennan,1,C,2,Notification/Request Separation,10.0,0.0,0.96
Tom Brennan,1,C,2,Visual Documentation Attached,10.0,0.0,0.96
Tom Brennan,1,C,3,"Cost/Schedule Impact First (priority 1, category: Structure, confidence: high)",9.0,0.0,0.96
Tom Brennan,1,C,3,"Arbitration-Ready Language (priority 2, category: Style, confidence: high)",10.0,0.0,0.96
Tom Brennan,1,C,3,"Notification/Request Separation (priority 3, category: Structure, confidence: high)",10.0,0.0,0.96
Tom Brennan,1,C,3,"Visual Documentation Attached (priority 4, category: Content, confidence: high)",10.0,0.0,0.96
Tom Brennan,1,C,3,Cost/Schedule Impact First,9.0,0.0,0.96
Tom Brennan,1,C,3,Arbitration-Ready Language,10.0,0.0,0.96
Tom Brennan,1,C,3,Notification/Request Separation,10.0,0.0,0.96
Tom Brennan,1,C,3,Visual Documentation Attached,10.0,0.0,0.96
Tom Brennan,1,C,4,"Cost/Schedule Impact First (priority 1, category: Structure, confidence: high)",9.0,0.0,0.96
Tom Brennan,1,C,4,"Arbitration-Ready Language (priority 2, category: Style, confidence: high)",10.0,0.0,0.96
Tom Brennan,1,C,4,"Notification/Request Separation (priority 3, category: Structure, confidence: high)",10.0,0.0,0.96
Tom Brennan,1,C,4,"Visual Documentation Attached (priority 4, category: Content, confidence: high)",10.0,0.0,0.96
Tom Brennan,1,C,4,Cost/Schedule Impact First,9.0,0.0,0.96
Tom Brennan,1,C,4,Arbitration-Ready Language,10.0,0.0,0.96
Tom Brennan,1,C,4,Notification/Request Separation,10.0,0.0,0.96
Tom Brennan,1,C,4,Visual Documentation Attached,10.0,0.0,0.96
Tom Brennan,1,C,5,Cost/Schedule Impact First,9.0,0.0,0.96
Tom Brennan,1,C,5,Arbitration-Ready Language,10.0,0.0,0.96
Tom Brennan,1,C,5,Notification/Request Separation,10.0,0.0,0.96
Tom Brennan,1,C,5,Visual Documentation Attached,10.0,0.0,0.96
Tom Brennan,1,D,1,"Cost/Schedule Impact First (priority 1, category: Structure, confidence: high)",9.0,0.0,0.95
Tom Brennan,1,D,1,"Arbitration-Ready Language (priority 2, category: Style, confidence: high)",10.0,0.0,0.95
Tom Brennan,1,D,1,"Notification/Request Separation (priority 3, category: Structure, confidence: high)",10.0,0.0,0.95
Tom Brennan,1,D,1,"Visual Documentation Attached (priority 4, category: Content, confidence: high)",8.0,0.0,0.95
Tom Brennan,1,D,1,Cost/Schedule Impact First,9.0,0.0,0.95
Tom Brennan,1,D,1,Arbitration-Ready Language,10.0,0.0,0.95
Tom Brennan,1,D,1,Notification/Request Separation,10.0,0.0,0.95
Tom Brennan,1,D,1,Visual Documentation Attached,9.0,0.0,0.95
Tom Brennan,1,D,2,"Cost/Schedule Impact First (priority 1, category: Structure, confidence: high)",9.0,0.0,0.0
Tom Brennan,1,D,2,"Arbitration-Ready Language (priority 2, category: Style, confidence: high)",10.0,0.0,0.0
Tom Brennan,1,D,2,"Notification/Request Separation (priority 3, category: Structure, confidence: high)",10.0,0.0,0.0
Tom Brennan,1,D,2,"Visual Documentation Attached (priority 4, category: Content, confidence: high)",10.0,0.0,0.0
Tom Brennan,1,D,3,"Cost/Schedule Impact First (priority 1, category: Structure, confidence: high)",9.0,0.0,0.0
Tom Brennan,1,D,3,"Arbitration-Ready Language (priority 2, category: Style, confidence: high)",10.0,0.0,0.0
Tom Brennan,1,D,3,"Notification/Request Separation (priority 3, category: Structure, confidence: high)",10.0,0.0,0.0
Tom Brennan,1,D,3,"Visual Documentation Attached (priority 4, category: Content, confidence: high)",10.0,0.0,0.0
Tom Brennan,1,D,4,"Cost/Schedule Impact First (priority 1, category: Structure, confidence: high)",9.0,0.0,0.0
Tom Brennan,1,D,4,"Arbitration-Ready Language (priority 2, category: Style, confidence: high)",10.0,0.0,0.0
Tom Brennan,1,D,4,"Notification/Request Separation (priority 3, category: Structure, confidence: high)",10.0,0.0,0.0
Tom Brennan,1,D,4,"Visual Documentation Attached (priority 4, category: Content, confidence: high)",10.0,0.0,0.0
Tom Brennan,1,D,5,"Cost/Schedule Impact First (priority 1, category: Structure, confidence: high)",10.0,0.0,0.0
Tom Brennan,1,D,5,"Arbitration-Ready Language (priority 2, category: Style, confidence: high)",10.0,0.0,0.0
Tom Brennan,1,D,5,"Notification/Request Separation (priority 3, category: Structure, confidence: high)",10.0,0.0,0.0
Tom Brennan,1,D,5,"Visual Documentation Attached (priority 4, category: Content, confidence: high)",10.0,0.0,0.0
